7d1a61,127.0.0.1,GET,http://localhost/GitGsbFrais/web/app_dev.php/,1522940054,2a5b4a,200
2a5b4a,127.0.0.1,GET,http://localhost/GitGsbFrais/web/app_dev.php/,1522940054,,500
7142d3,127.0.0.1,GET,http://localhost/GitGsbFrais/web/app_dev.php/,1522940118,d3276a,200
d3276a,127.0.0.1,GET,http://localhost/GitGsbFrais/web/app_dev.php/,1522940118,,500
c457b3,127.0.0.1,GET,http://localhost/GitGsbFrais/web/app_dev.php/,1522940141,e6c617,200
e6c617,127.0.0.1,GET,http://localhost/GitGsbFrais/web/app_dev.php/,1522940141,,500
a71de5,127.0.0.1,GET,http://localhost/GitGsbFrais/web/app_dev.php/,1522940143,d482b3,200
d482b3,127.0.0.1,GET,http://localhost/GitGsbFrais/web/app_dev.php/,1522940143,,500
3a8d3f,127.0.0.1,GET,http://localhost/GitGsbFrais/web/app_dev.php/,1522940424,235006,200
235006,127.0.0.1,GET,http://localhost/GitGsbFrais/web/app_dev.php/,1522940424,,500
128cb1,127.0.0.1,GET,http://localhost/GitGsbFrais/web/app_dev.php/_profile,1522940448,f6ab7d,200
f6ab7d,127.0.0.1,GET,http://localhost/GitGsbFrais/web/app_dev.php/_profile,1522940448,,500
dfb835,127.0.0.1,GET,http://localhost/GitGsbFrais/web/app_dev.php/_profile,1522940655,3f94d2,200
3f94d2,127.0.0.1,GET,http://localhost/GitGsbFrais/web/app_dev.php/_profile,1522940655,,500
11f0fa,127.0.0.1,GET,http://localhost/GitGsbFrais/web/app_dev.php/_profile,1522940679,46da35,200
46da35,127.0.0.1,GET,http://localhost/GitGsbFrais/web/app_dev.php/_profile,1522940679,,404
894fa7,127.0.0.1,GET,http://localhost/GitGsbFrais/web/app_dev.php/,1522940685,,200
7b90b9,127.0.0.1,GET,http://localhost/GitGsbFrais/web/app_dev.php/connexion,1522940688,,200
a74f16,127.0.0.1,GET,http://localhost/GitGsbFrais/web/app_dev.php/,1522941370,,200
950045,127.0.0.1,GET,http://localhost/GitGsbFrais/web/app_dev.php/connexion,1522941373,,200
5cc378,127.0.0.1,POST,http://localhost/GitGsbFrais/web/app_dev.php/connexion,1522942654,,302
4aacbf,127.0.0.1,GET,http://localhost/GitGsbFrais/web/app_dev.php/profil,1522942655,,200
ea8814,127.0.0.1,GET,http://localhost/GitGsbFrais/web/app_dev.php/profil,1522943715,,200
497e25,127.0.0.1,GET,http://localhost/GitGsbFrais/web/app_dev.php/profil,1522943726,,200
665dc1,127.0.0.1,GET,http://127.0.0.1:8000/,1523264449,,200
507075,127.0.0.1,GET,http://127.0.0.1:8000/connexion,1523264454,,200
50f018,127.0.0.1,GET,http://127.0.0.1:8000/connexion,1523264590,,200
0f8b1f,127.0.0.1,GET,http://localhost/GitGsbFrais/web/app_dev.php/,1523264757,,200
31a093,127.0.0.1,GET,http://localhost/GitGsbFrais/web/app_dev.php/connexion,1523264788,,200
40c5b0,127.0.0.1,POST,http://localhost/GitGsbFrais/web/app_dev.php/connexion,1523264855,,302
948a15,127.0.0.1,GET,http://localhost/GitGsbFrais/web/app_dev.php/profil,1523264855,,200
9bef0a,127.0.0.1,GET,http://localhost/GitGsbFrais/web/app_dev.php/profil,1523265012,,200
6b9133,127.0.0.1,GET,http://localhost/GitGsbFrais/web/app_dev.php/profil,1523265146,,200
3a5ec5,127.0.0.1,GET,http://localhost/GitGsbFrais/web/app_dev.php/profil,1523265593,,200
198933,127.0.0.1,GET,http://localhost/GitGsbFrais/web/app_dev.php/profil,1523265623,,200
a09090,127.0.0.1,GET,http://localhost/GitGsbFrais/web/app_dev.php/profil,1523265879,,500
c40753,127.0.0.1,GET,http://localhost/GitGsbFrais/web/app_dev.php/profil,1523265879,,200
09bbe6,127.0.0.1,GET,http://localhost/GitGsbFrais/web/app_dev.php/connexion,1523266008,,200
c8d456,127.0.0.1,POST,http://localhost/GitGsbFrais/web/app_dev.php/connexion,1523266046,,302
e998b6,127.0.0.1,GET,http://localhost/GitGsbFrais/web/app_dev.php/profil,1523266046,,200
58ca0a,127.0.0.1,GET,http://localhost/GitGsbFrais/web/app_dev.php/profil,1523266347,,200
3f49e8,127.0.0.1,GET,http://localhost/GitGsbFrais/web/app_dev.php/profil,1523267009,,200
56ecba,127.0.0.1,GET,http://localhost/GitGsbFrais/web/app_dev.php/profil,1523267013,,200
d53526,127.0.0.1,GET,http://localhost/GitGsbFrais/web/app_dev.php/saisieFrais,1523278296,,200
b584da,127.0.0.1,GET,http://localhost/GitGsbFrais/web/app_dev.php/saisieFrais,1523278303,,200
8c226f,127.0.0.1,GET,http://localhost/GitGsbFrais/web/app_dev.php/profil,1523278304,,200
3561fb,127.0.0.1,GET,http://localhost/GitGsbFrais/web/app_dev.php/saisieFrais,1523278305,,200
61aa09,127.0.0.1,GET,http://localhost/GitGsbFrais/web/app_dev.php/saisieFrais,1523278414,,200
e719c5,127.0.0.1,GET,http://localhost/GitGsbFrais/web/app_dev.php/saisieFrais,1523278543,,200
4592c3,127.0.0.1,GET,http://localhost/GitGsbFrais/web/app_dev.php/saisieFrais,1523280005,,200
33d91f,127.0.0.1,GET,http://localhost/GitGsbFrais/web/app_dev.php/saisieFrais,1523280016,,200
6cde29,127.0.0.1,GET,http://localhost/GitGsbFrais/web/app_dev.php/saisieFrais,1523280057,,200
790a2f,127.0.0.1,GET,http://localhost/GitGsbFrais/web/app_dev.php/saisieFrais,1523280095,,200
452fc7,127.0.0.1,GET,http://localhost/GitGsbFrais/web/app_dev.php/saisieFrais,1523280136,,200
4eb02a,127.0.0.1,GET,http://localhost/GitGsbFrais/web/app_dev.php/profil,1523282997,,200
c35b2e,127.0.0.1,GET,http://localhost/GitGsbFrais/web/app_dev.php/saisieFrais,1523282999,,200
82d810,127.0.0.1,GET,http://localhost/GitGsbFrais/web/app_dev.php/,1523542407,,200
cbcfeb,127.0.0.1,GET,http://localhost/GitGsbFrais/web/app_dev.php/connexion,1523542416,,200
4d2ffc,127.0.0.1,POST,http://localhost/GitGsbFrais/web/app_dev.php/connexion,1523542429,,302
fa7e79,127.0.0.1,GET,http://localhost/GitGsbFrais/web/app_dev.php/profil,1523542429,,200
0bfbd2,127.0.0.1,GET,http://localhost/GitGsbFrais/web/app_dev.php/profil,1523542575,,200
3590c4,127.0.0.1,GET,http://localhost/GitGsbFrais/web/app_dev.php/saisieFrais,1523542583,1ad83e,200
1ad83e,127.0.0.1,GET,http://localhost/GitGsbFrais/web/app_dev.php/saisieFrais,1523542583,,500
5b4f8c,127.0.0.1,GET,http://localhost/GitGsbFrais/web/app_dev.php/profil,1523547772,,200
746c25,127.0.0.1,GET,http://localhost/GitGsbFrais/web/app_dev.php/profil,1523547832,,200
e833d6,127.0.0.1,GET,http://localhost/GitGsbFrais/web/app_dev.php/profil,1523547833,,200
a91c40,127.0.0.1,GET,http://localhost/GitGsbFrais/web/app_dev.php/profil,1523547835,,200
d6a90e,127.0.0.1,GET,http://localhost/GitGsbFrais/web/app_dev.php/profil,1523547846,,200
c60c74,127.0.0.1,GET,http://localhost/GitGsbFrais/web/app_dev.php/profil,1523548009,,200
9fb754,127.0.0.1,GET,http://localhost/GitGsbFrais/web/app_dev.php/profil,1523548621,,200
40d80f,127.0.0.1,GET,http://localhost/GitGsbFrais/web/app_dev.php/profil,1523548872,,200
18b01b,127.0.0.1,GET,http://localhost/GitGsbFrais/web/app_dev.php/connexion,1523880833,,200
7e011e,127.0.0.1,GET,http://localhost/GitGsbFrais/web/app_dev.php/connexion,1523880843,,200
062307,127.0.0.1,GET,http://localhost/GitGsbFrais/web/app_dev.php/,1523880871,,200
844cfc,127.0.0.1,GET,http://localhost/GitGsbFrais/web/app_dev.php/connexion,1523880874,,200
ce8f6a,127.0.0.1,POST,http://localhost/GitGsbFrais/web/app_dev.php/connexion,1523880877,,302
763abc,127.0.0.1,GET,http://localhost/GitGsbFrais/web/app_dev.php/profil,1523880878,,200
f90b9b,127.0.0.1,GET,http://localhost/GitGsbFrais/web/app_dev.php/profil,1523880938,,200
8cf3f4,127.0.0.1,GET,http://localhost/GitGsbFrais/web/app_dev.php/profil,1523880965,,200
796427,127.0.0.1,GET,http://localhost/GitGsbFrais/web/app_dev.php/profil,1523880994,,200
3380f7,127.0.0.1,GET,http://localhost/GitGsbFrais/web/app_dev.php/profil,1523881166,,200
66eea0,127.0.0.1,GET,http://localhost/GitGsbFrais/web/app_dev.php/,1523881630,,200
af7972,127.0.0.1,GET,http://localhost/GitGsbFrais/web/app_dev.php/connexion,1523881790,,200
48ba1a,127.0.0.1,POST,http://localhost/GitGsbFrais/web/app_dev.php/connexion,1523881792,,302
66ee49,127.0.0.1,GET,http://localhost/GitGsbFrais/web/app_dev.php/profil,1523881792,,200
86b812,127.0.0.1,GET,http://localhost/GitGsbFrais/web/app_dev.php/profil,1523881982,,200
89be08,127.0.0.1,GET,http://localhost/GitGsbFrais/web/app_dev.php/profil,1523883386,,200
080549,127.0.0.1,GET,http://localhost/GitGsbFrais/web/app_dev.php/profil,1523884737,,200
b3387f,127.0.0.1,GET,http://localhost/GitGsbFrais/web/app_dev.php/profil,1523884922,,200
432e11,127.0.0.1,GET,http://localhost/GitGsbFrais/web/app_dev.php/profil,1523884994,,200
e3ccee,127.0.0.1,GET,http://localhost/GitGsbFrais/web/app_dev.php/saisieFrais,1523889017,0cc33b,200
0cc33b,127.0.0.1,GET,http://localhost/GitGsbFrais/web/app_dev.php/saisieFrais,1523889017,,500
bd0043,127.0.0.1,GET,http://localhost/GitGsbFrais/web/app_dev.php/profil,1523890945,,200
59f416,127.0.0.1,GET,http://localhost/GitGsbFrais/web/app_dev.php/profil,1523891093,,200
d7431c,127.0.0.1,GET,http://localhost/GitGsbFrais/web/app_dev.php/profil,1523891094,,200
21e7f2,127.0.0.1,GET,http://localhost/GitGsbFrais/web/app_dev.php/profil,1523891096,,200
b04452,127.0.0.1,GET,http://localhost/GitGsbFrais/web/app_dev.php/profil,1523891644,,200
a633dc,127.0.0.1,GET,http://localhost/GitGsbFrais/web/app_dev.php/saisieFrais,1523891653,2e9ddc,200
2e9ddc,127.0.0.1,GET,http://localhost/GitGsbFrais/web/app_dev.php/saisieFrais,1523891653,,500
b86aa7,127.0.0.1,GET,http://localhost/GitGsbFrais/web/app_dev.php/profil,1523891713,,200
730c24,127.0.0.1,GET,http://localhost/GitGsbFrais/web/app_dev.php/fraisDuMois,1523891715,fb9d07,200
fb9d07,127.0.0.1,GET,http://localhost/GitGsbFrais/web/app_dev.php/fraisDuMois,1523891715,,500
6e2deb,127.0.0.1,GET,http://localhost/GitGsbFrais/web/app_dev.php/fraisDuMois,1523891763,a6bad6,200
a6bad6,127.0.0.1,GET,http://localhost/GitGsbFrais/web/app_dev.php/fraisDuMois,1523891763,,500
bdce0f,127.0.0.1,GET,http://localhost/GitGsbFrais/web/app_dev.php/fraisDuMois,1523891797,d8a324,200
d8a324,127.0.0.1,GET,http://localhost/GitGsbFrais/web/app_dev.php/fraisDuMois,1523891797,,500
2a5c4f,127.0.0.1,GET,http://localhost/GitGsbFrais/web/app_dev.php/fraisDuMois,1523891813,,200
707abf,127.0.0.1,GET,http://localhost/GitGsbFrais/web/app_dev.php/fraisDuMois,1523891834,c638c8,200
c638c8,127.0.0.1,GET,http://localhost/GitGsbFrais/web/app_dev.php/fraisDuMois,1523891834,,500
e5d28d,127.0.0.1,GET,http://localhost/GitGsbFrais/web/app_dev.php/fraisDuMois,1523891914,,200
66cde2,127.0.0.1,GET,http://localhost/GitGsbFrais/web/app_dev.php/saisieFrais,1523891918,163c27,200
163c27,127.0.0.1,GET,http://localhost/GitGsbFrais/web/app_dev.php/saisieFrais,1523891918,,500
056e9c,127.0.0.1,GET,http://localhost/GitGsbFrais/web/app_dev.php/fraisDuMois,1523891926,,200
2fdd85,127.0.0.1,GET,http://localhost/GitGsbFrais/web/app_dev.php/fraisDuMois,1523892289,,200
93d186,127.0.0.1,GET,http://localhost/GitGsbFrais/web/app_dev.php/fraisDuMois,1523892927,,200
e15b19,127.0.0.1,GET,http://localhost/GitGsbFrais/web/app_dev.php/fraisDuMois,1523892974,,200
7aaf8d,127.0.0.1,GET,http://localhost/GitGsbFrais/web/app_dev.php/fraisDuMois,1523892998,,200
7d7c41,127.0.0.1,GET,http://localhost/GitGsbFrais/web/app_dev.php/fraisDuMois,1523893011,,200
143aff,127.0.0.1,GET,http://localhost/GitGsbFrais/web/app_dev.php/fraisDuMois,1523893047,,200
188263,127.0.0.1,GET,http://localhost/GitGsbFrais/web/app_dev.php/fraisDuMois,1523893071,,200
44d27f,127.0.0.1,GET,http://localhost/GitGsbFrais/web/app_dev.php/fraisDuMois,1523893086,,200
1ed49d,127.0.0.1,GET,http://localhost/GitGsbFrais/web/app_dev.php/fraisDuMois,1523893099,,200
b76c38,127.0.0.1,GET,http://localhost/GitGsbFrais/web/app_dev.php/fraisDuMois,1523893125,,200
157834,127.0.0.1,GET,http://localhost/GitGsbFrais/web/app_dev.php/fraisDuMois,1523893151,,200
066456,127.0.0.1,GET,http://localhost/GitGsbFrais/web/app_dev.php/fraisDuMois,1523893239,,200
284a35,127.0.0.1,GET,http://localhost/GitGsbFrais/web/app_dev.php/fraisDuMois,1523893273,,200
7d2615,127.0.0.1,GET,http://localhost/GitGsbFrais/web/app_dev.php/fraisDuMois,1523893341,,200
d86fd2,127.0.0.1,GET,http://localhost/GitGsbFrais/web/app_dev.php/fraisDuMois,1523893372,,200
6f14e9,127.0.0.1,GET,http://localhost/GitGsbFrais/web/app_dev.php/fraisDuMois,1523893423,,200
d6b059,127.0.0.1,GET,http://localhost/GitGsbFrais/web/app_dev.php/fraisDuMois,1523893432,,200
a005e8,127.0.0.1,GET,http://localhost/GitGsbFrais/web/app_dev.php/fraisDuMois,1523893447,,200
1d8b57,127.0.0.1,GET,http://localhost/GitGsbFrais/web/app_dev.php/fraisDuMois,1523893463,,200
8ced22,127.0.0.1,GET,http://localhost/GitGsbFrais/web/app_dev.php/fraisDuMois,1523893472,,200
adb554,127.0.0.1,GET,http://localhost/GitGsbFrais/web/app_dev.php/fraisDuMois,1523893481,,200
487ccd,127.0.0.1,GET,http://localhost/GitGsbFrais/web/app_dev.php/fraisDuMois,1523893502,,200
b6704e,127.0.0.1,GET,http://localhost/GitGsbFrais/web/app_dev.php/saisieFrais,1523893827,59d5e6,200
59d5e6,127.0.0.1,GET,http://localhost/GitGsbFrais/web/app_dev.php/saisieFrais,1523893827,,500
0bee70,127.0.0.1,GET,http://localhost/GitGsbFrais/web/app_dev.php/fraisDuMois,1523893831,,200
3b043d,127.0.0.1,GET,http://localhost/GitGsbFrais/web/app_dev.php/fraisDuMois,1523897205,,200
ec2cd2,127.0.0.1,GET,http://localhost/GitGsbFrais/web/app_dev.php/fraisDuMois,1523915547,e44f66,200
e44f66,127.0.0.1,GET,http://localhost/GitGsbFrais/web/app_dev.php/fraisDuMois,1523915547,,500
64753a,127.0.0.1,GET,http://localhost/GitGsbFrais/web/app_dev.php/profil,1523915556,,200
738f77,127.0.0.1,GET,http://localhost/GitGsbFrais/web/app_dev.php/fraisDuMois,1523915557,517728,200
517728,127.0.0.1,GET,http://localhost/GitGsbFrais/web/app_dev.php/fraisDuMois,1523915557,,500
3eff17,127.0.0.1,GET,http://localhost/GitGsbFrais/web/app_dev.php/profil,1523950310,,200
8fa521,127.0.0.1,GET,http://localhost/GitGsbFrais/web/app_dev.php/fraisDuMois,1523950314,e592fa,200
e592fa,127.0.0.1,GET,http://localhost/GitGsbFrais/web/app_dev.php/fraisDuMois,1523950314,,500
b0e621,127.0.0.1,GET,http://localhost/GitGsbFrais/web/app_dev.php/fraisDuMois,1523950749,904850,200
904850,127.0.0.1,GET,http://localhost/GitGsbFrais/web/app_dev.php/fraisDuMois,1523950749,,500
73dc43,127.0.0.1,GET,http://localhost/GitGsbFrais/web/app_dev.php/fraisDuMois,1523950823,db534c,200
db534c,127.0.0.1,GET,http://localhost/GitGsbFrais/web/app_dev.php/fraisDuMois,1523950823,,500
592732,127.0.0.1,GET,http://localhost/GitGsbFrais/web/app_dev.php/fraisDuMois,1523951481,9533ab,200
9533ab,127.0.0.1,GET,http://localhost/GitGsbFrais/web/app_dev.php/fraisDuMois,1523951481,,500
67ad20,127.0.0.1,GET,http://localhost/GitGsbFrais/web/app_dev.php/fraisDuMois,1523951493,c8f428,200
c8f428,127.0.0.1,GET,http://localhost/GitGsbFrais/web/app_dev.php/fraisDuMois,1523951493,,500
2ffc70,127.0.0.1,GET,http://localhost/GitGsbFrais/web/app_dev.php/fraisDuMois,1523951928,08ceda,200
08ceda,127.0.0.1,GET,http://localhost/GitGsbFrais/web/app_dev.php/fraisDuMois,1523951928,,500
